Workbook

Sheet data
A1: CRIM | B1: ZN | C1: INDUS | D1: CHAS | E1: NOX | F1: RM | G1: AGE | H1: DIS | I1: RAD | J1: TAX | K1: PTRATIO | L1: B | M1: LSTAT | N1: MEDV | R1: MEDV | S1: PTRATIO | T1: TAX | U1: MEDV_BIN | V1: MEDV LOW | W1: MEDV AVERAGE | X1: MEDV HIGH | Y1: MEDV VERY LOW | Z1: MEDV VERY HIGH | AV1: RM | AW1: LSTAT | AX1: MEDV | AY1: LSTAT-Bin | AZ1: LSTAT BIN 0-4 | BA1: LSTAT BIN 5-9 | BB1: LSTAT BIN 10-14 | BC1: LSTAT BIN 15-19 | BD1: LSTAT BIN 20-24 | BE1: LSTAT BIN 25-29 | BF1: LSTAT BIN 30-34 | BG1: LSTAT BIN 35-39 | BH1: LSTAT BIN 40-44 | BJ1: ="MEDV CORR " &A1 -> MEDV CORR CRIM | BK1: ="MEDV CORR " &B1 -> MEDV CORR ZN | BL1: ="MEDV CORR " &C1 -> MEDV CORR INDUS | BM1: ="MEDV CORR " &D1 -> MEDV CORR CHAS | BN1: ="MEDV CORR " &E1 -> MEDV CORR NOX | BO1: ="MEDV CORR " &F1 -> MEDV CORR RM | BP1: ="MEDV CORR " &G1 -> MEDV CORR AGE | BQ1: ="MEDV CORR " &H1 -> MEDV CORR DIS | ... BV1: ="MEDV CORR " &M1 -> MEDV CORR LSTAT
A2: 8.98296 | B2: 0 | C2: 18.1 | D2: 1 | E2: 0.77 | F2: 6.212 | G2: 97.4 | H2: 2.1222 | I2: 24 | J2: 666 | K2: 20.2 | L2: 377.73 | M2: 17.6 | N2: 17.8 | R2: 17.8 | S2: 20.2 | T2: 666 | U2: LOW | V2: 666 | AV2: 7.2 | AW2: 4 | AX2: 35 | AY2: 0-4 | AZ2: 35 | BJ2: =CORREL(boston[[MEDV]:[MEDV]],boston[CRIM]) -> -0.38830461 | BK2: =CORREL(boston[[MEDV]:[MEDV]],boston[ZN]) -> 0.36044534 | BL2: =CORREL(boston[[MEDV]:[MEDV]],boston[INDUS]) -> -0.48372516 | BM2: =CORREL(boston[[MEDV]:[MEDV]],boston[CHAS]) -> 0.17526018 | BN2: =CORREL(boston[[MEDV]:[MEDV]],boston[NOX]) -> -0.42732077 | BO2: =CORREL(boston[[MEDV]:[MEDV]],boston[RM]) -> 0.69535995 | BP2: =CORREL(boston[[MEDV]:[MEDV]],boston[AGE]) -> -0.37695457 | BQ2: =CORREL(boston[[MEDV]:[MEDV]],boston[DIS]) -> 0.24992873 | BR2: =CORREL(boston[[MEDV]:[MEDV]],boston[RAD]) -> -0.38162623 | BS2: =CORREL(boston[[MEDV]:[MEDV]],boston[TAX]) -> -0.46853593 | BT2: =CORREL(boston[[MEDV]:[MEDV]],boston[PTRATIO]) -> -0.50778669 | BU2: =CORREL(boston[[MEDV]:[MEDV]],boston[B]) -> 0.33346082 | BV2: =CORREL(boston[[MEDV]:[MEDV]],boston[LSTAT]) -> -0.73766273
A3: 3.8497 | B3: 0 | C3: 18.1 | D3: 1 | E3: 0.77 | F3: 6.395 | G3: 91 | H3: 2.5052 | I3: 24 | J3: 666 | K3: 20.2 | L3: 391.34 | M3: 13.27 | N3: 21.7 | R3: 19.9 | S3: 20.2 | T3: 666 | U3: LOW | V3: 666 | AV3: 7 | AW3: 3 | AX3: 33 | AY3: 0-4 | AZ3: 33 | BI3: ABS() | BJ3: =ABS(BJ2) -> 0.38830461 | BK3: =ABS(BK2) -> 0.36044534 | BL3: =ABS(BL2) -> 0.48372516 | BM3: =ABS(BM2) -> 0.17526018 | BN3: =ABS(BN2) -> 0.42732077 | BO3: =ABS(BO2) -> 0.69535995 | BP3: =ABS(BP2) -> 0.37695457 | BQ3: =ABS(BQ2) -> 0.24992873 | ... BV3: =ABS(BV2) -> 0.73766273
A4: 5.20177 | B4: 0 | C4: 18.1 | D4: 1 | E4: 0.77 | F4: 6.127 | G4: 83.4 | H4: 2.7227 | I4: 24 | J4: 666 | K4: 20.2 | L4: 395.43 | M4: 11.48 | N4: 22.7 | R4: 16.8 | S4: 20.2 | T4: 666 | U4: LOW | V4: 666 | AV4: 6.6 | AW4: 4 | AX4: 31 | AY4: 0-4 | AZ4: 31 | BJ4: =BJ3>0.65 -> FALSE | BK4: =BK3>0.65 -> FALSE | BL4: =BL3>0.65 -> FALSE | BM4: =BM3>0.65 -> FALSE | BN4: =BN3>0.65 -> FALSE | BO4: =BO3>0.65 -> TRUE | BP4: =BP3>0.65 -> FALSE | BQ4: =BQ3>0.65 -> FALSE | ... BV4: =BV3>0.65 -> TRUE
A5: 4.26131 | B5: 0 | C5: 18.1 | D5: 0 | E5: 0.77 | F5: 6.112 | G5: 81.3 | H5: 2.5091 | I5: 24 | J5: 666 | K5: 20.2 | L5: 390.74 | M5: 12.67 | N5: 22.6 | R5: 13.8 | S5: 20.2 | T5: 666 | U5: LOW | V5: 666 | AV5: 7 | AW5: 2 | AX5: 35 | AY5: 0-4 | AZ5: 35 | BJ5: ="CORR " & TEXT(BJ2,"0,000") -> CORR -0,388 | BK5: ="CORR " & TEXT(BK2,"0,000") -> CORR 0,360 | BL5: ="CORR " & TEXT(BL2,"0,000") -> CORR -0,484 | BM5: ="CORR " & TEXT(BM2,"0,000") -> CORR 0,175 | BN5: ="CORR " & TEXT(BN2,"0,000") -> CORR -0,427 | BO5: ="CORR " & TEXT(BO2,"0,000") -> CORR 0,695 | BP5: ="CORR " & TEXT(BP2,"0,000") -> CORR -0,377 | BQ5: ="CORR " & TEXT(BQ2,"0,000") -> CORR 0,250 | ... BV5: ="CORR " & TEXT(BV2,"0,000") -> CORR -0,738
A6: 4.54192 | B6: 0 | C6: 18.1 | D6: 0 | E6: 0.77 | F6: 6.398 | G6: 88 | H6: 2.5182 | I6: 24 | J6: 666 | K6: 20.2 | L6: 374.56 | M6: 7.79 | N6: 25 | R6: 13.8 | S6: 20.2 | T6: 666 | U6: LOW | V6: 666 | AV6: 6.8 | AW6: 4 | AX6: 32 | AY6: 0-4 | AZ6: 32
A7: 3.83684 | B7: 0 | C7: 18.1 | D7: 0 | E7: 0.77 | F7: 6.251 | G7: 91.1 | H7: 2.2955 | I7: 24 | J7: 666 | K7: 20.2 | L7: 350.65 | M7: 14.19 | N7: 19.9 | R7: 15 | S7: 20.2 | T7: 666 | U7: LOW | V7: 666 | AV7: 8.1 | AW7: 4 | AX7: 39 | AY7: 0-4 | AZ7: 39
A8: 3.67822 | B8: 0 | C8: 18.1 | D8: 0 | E8: 0.77 | F8: 5.362 | G8: 96.2 | H8: 2.1036 | I8: 24 | J8: 666 | K8: 20.2 | L8: 380.79 | M8: 10.19 | N8: 20.8 | R8: 13.9 | S8: 20.2 | T8: 666 | U8: LOW | V8: 666 | AV8: 7.8 | AW8: 4 | AX8: 44 | AY8: 0-4 | AZ8: 44
A9: 4.22239 | B9: 0 | C9: 18.1 | D9: 1 | E9: 0.77 | F9: 5.803 | G9: 89 | H9: 1.9047 | I9: 24 | J9: 666 | K9: 20.2 | L9: 353.04 | M9: 14.64 | N9: 16.8 | R9: 13.3 | S9: 20.2 | T9: 666 | U9: LOW | V9: 666 | AV9: 7.5 | AW9: 2 | AX9: 50 | AY9: 0-4 | AZ9: 50
A10: 3.47428 | B10: 0 | C10: 18.1 | D10: 1 | E10: 0.718 | F10: 8.78 | G10: 82.9 | H10: 1.9047 | I10: 24 | J10: 666 | K10: 20.2 | L10: 354.55 | M10: 5.29 | N10: 21.9 | R10: 13.1 | S10: 20.2 | T10: 666 | U10: LOW | V10: 666 | AV10: 7.8 | AW10: 2 | AX10: 50 | AY10: 0-4 | AZ10: 50
A11: 4.55587 | B11: 0 | C11: 18.1 | D11: 0 | E11: 0.718 | F11: 3.561 | G11: 87.9 | H11: 1.6132 | I11: 24 | J11: 666 | K11: 20.2 | L11: 354.7 | M11: 7.12 | N11: 27.5 | R11: 10.2 | S11: 20.2 | T11: 666 | U11: LOW | V11: 666 | AV11: 8.4 | AW11: 3 | AX11: 50 | AY11: 0-4 | AZ11: 50
A12: 3.69695 | B12: 0 | C12: 18.1 | D12: 0 | E12: 0.718 | F12: 4.963 | G12: 91.4 | H12: 1.7523 | I12: 24 | J12: 666 | K12: 20.2 | L12: 316.03 | M12: 14 | N12: 21.9 | R12: 10.4 | S12: 20.2 | T12: 666 | U12: LOW | V12: 666 | AV12: 7.9 | AW12: 4 | AX12: 50 | AY12: 0-4 | AZ12: 50
A13: 13.5222 | B13: 0 | C13: 18.1 | D13: 0 | E13: 0.631 | F13: 3.863 | G13: 100 | H13: 1.5106 | I13: 24 | J13: 666 | K13: 20.2 | L13: 131.42 | M13: 13.33 | N13: 23.1 | R13: 10.9 | S13: 20.2 | T13: 666 | U13: LOW | V13: 666 | AV13: 7.8 | AW13: 4 | AX13: 50 | AY13: 0-4 | AZ13: 50
A14: 4.89822 | B14: 0 | C14: 18.1 | D14: 0 | E14: 0.631 | F14: 4.97 | G14: 100 | H14: 1.3325 | I14: 24 | J14: 666 | K14: 20.2 | L14: 375.52 | M14: 3.26 | N14: 50 | R14: 11.3 | S14: 20.2 | T14: 666 | U14: LOW | V14: 666 | AV14: 7.2 | AW14: 3 | AX14: 36 | AY14: 0-4 | AZ14: 36
A15: 5.66998 | B15: 0 | C15: 18.1 | D15: 1 | E15: 0.631 | F15: 6.683 | G15: 96.8 | H15: 1.3567 | I15: 24 | J15: 666 | K15: 20.2 | L15: 375.33 | M15: 3.73 | N15: 50 | R15: 12.3 | S15: 20.2 | T15: 666 | U15: LOW | V15: 666 | AV15: 6.6 | AW15: 4 | AX15: 29 | AY15: 0-4 | AZ15: 29
A16: 6.53876 | B16: 0 | C16: 18.1 | D16: 1 | E16: 0.631 | F16: 7.016 | G16: 97.5 | H16: 1.2024 | I16: 24 | J16: 666 | K16: 20.2 | L16: 392.05 | M16: 2.96 | N16: 50 | R16: 8.8 | S16: 20.2 | T16: 666 | U16: LOW | V16: 666 | AV16: 7.9 | AW16: 3 | AX16: 50 | AY16: 0-4 | AZ16: 50
A17: 9.2323 | B17: 0 | C17: 18.1 | D17: 0 | E17: 0.631 | F17: 6.216 | G17: 100 | H17: 1.1691 | I17: 24 | J17: 666 | K17: 20.2 | L17: 366.15 | M17: 9.53 | N17: 50 | R17: 10.5 | S17: 20.2 | T17: 666 | U17: LOW | V17: 666 | AV17: 7.3 | AW17: 4 | AX17: 33 | AY17: 0-4 | AZ17: 33
... A44: 38.3518 | B44: 0 | C44: 18.1 | D44: 0 | E44: 0.693 | F44: 5.453 | G44: 100 | H44: 1.4896 | I44: 24 | J44: 666 | K44: 20.2 | L44: 396.9 | M44: 30.59 | N44: 5 | R44: 10.2 | S44: 20.2 | T44: 666 | U44: LOW | V44: 666 | AV44: 7 | AW44: 3 | AX44: 50 | AY44: 0-4 | AZ44: 50
A45: 9.91655 | B45: 0 | C45: 18.1 | D45: 0 | E45: 0.693 | F45: 5.852 | G45: 77.8 | H45: 1.5004 | I45: 24 | J45: 666 | K45: 20.2 | L45: 338.16 | M45: 29.97 | N45: 6.3 | R45: 10.9 | S45: 20.2 | T45: 666 | U45: LOW | V45: 666 | AV45: 6 | AW45: 12 | AX45: 23 | AY45: 10-14 | BB45: 23
A46: 25.0461 | B46: 0 | C46: 18.1 | D46: 0 | E46: 0.693 | F46: 5.987 | G46: 100 | H46: 1.5888 | I46: 24 | J46: 666 | K46: 20.2 | L46: 396.9 | M46: 26.77 | N46: 5.6 | R46: 11 | S46: 20.2 | T46: 666 | U46: LOW | V46: 666 | AV46: 6 | AW46: 13 | AX46: 19 | AY46: 10-14 | BB46: 19
A47: 14.2362 | B47: 0 | C47: 18.1 | D47: 0 | E47: 0.693 | F47: 6.343 | G47: 100 | H47: 1.5741 | I47: 24 | J47: 666 | K47: 20.2 | L47: 396.9 | M47: 20.32 | N47: 7.2 | R47: 9.5 | S47: 20.2 | T47: 666 | U47: LOW | V47: 666 | AV47: 6.1 | AW47: 10 | AX47: 18 | AY47: 10-14 | BB47: 18
A48: 9.59571 | B48: 0 | C48: 18.1 | D48: 0 | E48: 0.693 | F48: 6.404 | G48: 100 | H48: 1.639 | I48: 24 | J48: 666 | K48: 20.2 | L48: 376.11 | M48: 20.31 | N48: 12.1 | R48: 14.5 | S48: 20.2 | T48: 666 | U48: LOW | V48: 666 | AV48: 5.5 | AW48: 12 | AX48: 20 | AY48: 10-14 | BB48: 20
A49: 24.8017 | B49: 0 | C49: 18.1 | D49: 0 | E49: 0.693 | F49: 5.349 | G49: 96 | H49: 1.7028 | I49: 24 | J49: 666 | K49: 20.2 | L49: 396.9 | M49: 19.77 | N49: 8.3 | R49: 14.1 | S49: 20.2 | T49: 666 | U49: LOW | V49: 666 | AV49: 5.7 | AW49: 11 | AX49: 18 | AY49: 10-14 | BB49: 18
A50: 41.5292 | B50: 0 | C50: 18.1 | D50: 0 | E50: 0.693 | F50: 5.531 | G50: 85.4 | H50: 1.6074 | I50: 24 | J50: 666 | K50: 20.2 | L50: 329.46 | M50: 27.38 | N50: 8.5 | R50: 16.1 | S50: 20.2 | T50: 666 | U50: LOW | V50: 666 | AV50: 6 | AW50: 14 | AX50: 20 | AY50: 10-14 | BB50: 20
A51: 67.9208 | B51: 0 | C51: 18.1 | D51: 0 | E51: 0.693 | F51: 5.683 | G51: 100 | H51: 1.4254 | I51: 24 | J51: 666 | K51: 20.2 | L51: 384.97 | M51: 22.98 | N51: 5 | R51: 14.3 | S51: 20.2 | T51: 666 | U51: LOW | V51: 666 | AV51: 6.5 | AW51: 13 | AX51: 18 | AY51: 10-14 | BB51: 18
A52: 20.7162 | B52: 0 | C52: 18.1 | D52: 0 | E52: 0.659 | F52: 4.138 | G52: 100 | H52: 1.1781 | I52: 24 | J52: 666 | K52: 20.2 | L52: 370.22 | M52: 23.34 | N52: 11.9 | R52: 11.7 | S52: 20.2 | T52: 666 | U52: LOW | V52: 666 | AV52: 6.7 | AW52: 12 | AX52: 21 | AY52: 10-14 | BB52: 21
A53: 11.9511 | B53: 0 | C53: 18.1 | D53: 0 | E53: 0.659 | F53: 5.608 | G53: 100 | H53: 1.2852 | I53: 24 | J53: 666 | K53: 20.2 | L53: 332.09 | M53: 12.13 | N53: 27.9 | R53: 13.4 | S53: 20.2 | T53: 666 | U53: LOW | V53: 666 | AV53: 6.1 | AW53: 13 | AX53: 14 | AY53: 10-14 | BB53: 14
A54: 7.40389 | B54: 0 | C54: 18.1 | D54: 0 | E54: 0.597 | F54: 5.617 | G54: 97.9 | H54: 1.4547 | I54: 24 | J54: 666 | K54: 20.2 | L54: 314.64 | M54: 26.4 | N54: 17.2 | R54: 9.6 | S54: 20.2 | T54: 666 | U54: LOW | V54: 666 | AV54: 5.9 | AW54: 10 | AX54: 19 | AY54: 10-14 | BB54: 19
A55: 14.4383 | B55: 0 | C55: 18.1 | D55: 0 | E55: 0.597 | F55: 6.852 | G55: 100 | H55: 1.4655 | I55: 24 | J55: 666 | K55: 20.2 | L55: 179.36 | M55: 19.78 | N55: 27.5 | R55: 8.7 | S55: 20.2 | T55: 666 | U55: LOW | V55: 666 | AV55: 5.8 | AW55: 11 | AX55: 20 | AY55: 10-14 | BB55: 20
A56: 51.1358 | B56: 0 | C56: 18.1 | D56: 0 | E56: 0.597 | F56: 5.757 | G56: 100 | H56: 1.413 | I56: 24 | J56: 666 | K56: 20.2 | L56: 2.6 | M56: 10.11 | N56: 15 | R56: 8.4 | S56: 20.2 | T56: 666 | U56: LOW | V56: 666 | AV56: 6 | AW56: 10 | AX56: 25 | AY56: 10-14 | BB56: 25
... A91: 10.6718 | B91: 0 | C91: 18.1 | D91: 0 | E91: 0.74 | F91: 6.459 | G91: 94.8 | H91: 1.9879 | I91: 24 | J91: 666 | K91: 20.2 | L91: 43.06 | M91: 23.98 | N91: 11.8 | R91: 19.1 | S91: 20.2 | T91: 666 | U91: LOW | V91: 666 | AV91: 5.4 | AW91: 13 | AX91: 20 | AY91: 10-14 | BB91: 20
A92: 6.28807 | B92: 0 | C92: 18.1 | D92: 0 | E92: 0.74 | F92: 6.341 | G92: 96.4 | H92: 2.072 | I92: 24 | J92: 666 | K92: 20.2 | L92: 318.01 | M92: 17.79 | N92: 14.9 | R92: 21.7 | S92: 20.2 | T92: 666 | U92: AVERAGE | W92: 666 | AV92: 5 | AW92: 12 | AX92: 15 | AY92: 10-14 | BB92: 15
A93: 9.92485 | B93: 0 | C93: 18.1 | D93: 0 | E93: 0.74 | F93: 6.251 | G93: 96.6 | H93: 2.198 | I93: 24 | J93: 666 | K93: 20.2 | L93: 388.52 | M93: 16.44 | N93: 12.6 | R93: 22.7 | S93: 20.2 | T93: 666 | U93: AVERAGE | W93: 666 | AV93: 5.9 | AW93: 12 | AX93: 23 | AY93: 10-14 | BB93: 23
A94: 9.32909 | B94: 0 | C94: 18.1 | D94: 0 | E94: 0.713 | F94: 6.185 | G94: 98.7 | H94: 2.2616 | I94: 24 | J94: 666 | K94: 20.2 | L94: 396.9 | M94: 18.13 | N94: 14.1 | R94: 22.6 | S94: 20.2 | T94: 666 | U94: AVERAGE | W94: 666 | AV94: 6.1 | AW94: 10 | AX94: 25 | AY94: 10-14 | BB94: 25
A95: 7.52601 | B95: 0 | C95: 18.1 | D95: 0 | E95: 0.713 | F95: 6.417 | G95: 98.3 | H95: 2.185 | I95: 24 | J95: 666 | K95: 20.2 | L95: 304.21 | M95: 19.31 | N95: 13 | R95: 25 | S95: 20.2 | T95: 666 | U95: AVERAGE | W95: 666 | AV95: 5.9 | AW95: 12 | AX95: 24 | AY95: 10-14 | BB95: 24
A96: 6.71772 | B96: 0 | C96: 18.1 | D96: 0 | E96: 0.713 | F96: 6.749 | G96: 92.6 | H96: 2.3236 | I96: 24 | J96: 666 | K96: 20.2 | L96: 0.32 | M96: 17.44 | N96: 13.4 | R96: 20.8 | S96: 20.2 | T96: 666 | U96: AVERAGE | W96: 666 | AV96: 6.3 | AW96: 11 | AX96: 24 | AY96: 10-14 | BB96: 24
A97: 5.44114 | B97: 0 | C97: 18.1 | D97: 0 | E97: 0.713 | F97: 6.655 | G97: 98.2 | H97: 2.3552 | I97: 24 | J97: 666 | K97: 20.2 | L97: 355.29 | M97: 17.73 | N97: 15.2 | R97: 21.9 | S97: 20.2 | T97: 666 | U97: AVERAGE | W97: 666 | AV97: 6.4 | AW97: 11 | AX97: 22 | AY97: 10-14 | BB97: 22
A98: 5.09017 | B98: 0 | C98: 18.1 | D98: 0 | E98: 0.713 | F98: 6.297 | G98: 91.8 | H98: 2.3682 | I98: 24 | J98: 666 | K98: 20.2 | L98: 385.09 | M98: 17.27 | N98: 16.1 | R98: 27.5 | S98: 20.2 | T98: 666 | U98: AVERAGE | W98: 666 | AV98: 5.9 | AW98: 14 | AX98: 17 | AY98: 10-14 | BB98: 17
A99: 8.24809 | B99: 0 | C99: 18.1 | D99: 0 | E99: 0.713 | F99: 7.393 | G99: 99.3 | H99: 2.4527 | I99: 24 | J99: 666 | K99: 20.2 | L99: 375.87 | M99: 16.74 | N99: 17.8 | R99: 21.9 | S99: 20.2 | T99: 666 | U99: AVERAGE | W99: 666 | AV99: 5.9 | AW99: 12 | AX99: 19 | AY99: 10-14 | BB99: 19
A100: 9.51363 | B100: 0 | C100: 18.1 | D100: 0 | E100: 0.713 | F100: 6.728 | G100: 94.1 | H100: 2.4961 | I100: 24 | J100: 666 | K100: 20.2 | L100: 6.68 | M100: 18.71 | N100: 14.9 | R100: 23.1 | S100: 20.2 | T100: 666 | U100: AVERAGE | W100: 666 | AV100: 5.9 | AW100: 10 | AX100: 23 | AY100: 10-14 | BB100: 23
A101: 4.75237 | B101: 0 | C101: 18.1 | D101: 0 | E101: 0.713 | F101: 6.525 | G101: 86.5 | H101: 2.4358 | I101: 24 | J101: 666 | K101: 20.2 | L101: 50.92 | M101: 18.13 | N101: 14.1 | R101: 50 | S101: 20.2 | T101: 666 | U101: VERY HIGH | Z101: 666 | AV101: 6 | AW101: 10 | AX101: 23 | AY101: 10-14 | BB101: 23
A102: 4.66883 | B102: 0 | C102: 18.1 | D102: 0 | E102: 0.713 | F102: 5.976 | G102: 87.9 | H102: 2.5806 | I102: 24 | J102: 666 | K102: 20.2 | L102: 10.48 | M102: 19.01 | N102: 12.7 | R102: 50 | S102: 20.2 | T102: 666 | U102: VERY HIGH | Z102: 666 | AV102: 5.6 | AW102: 14 | AX102: 26 | AY102: 10-14 | BB102: 26
A103: 8.20058 | B103: 0 | C103: 18.1 | D103: 0 | E103: 0.713 | F103: 5.936 | G103: 80.3 | H103: 2.7792 | I103: 24 | J103: 666 | K103: 20.2 | L103: 3.5 | M103: 16.94 | N103: 13.5 | R103: 50 | S103: 20.2 | T103: 666 | U103: VERY HIGH | Z103: 666 | AV103: 6.2 | AW103: 13 | AX103: 30 | AY103: 10-14 | BB103: 30
A104: 7.75223 | B104: 0 | C104: 18.1 | D104: 0 | E104: 0.713 | F104: 6.301 | G104: 83.7 | H104: 2.7831 | I104: 24 | J104: 666 | K104: 20.2 | L104: 272.21 | M104: 16.23 | N104: 14.9 | R104: 50 | S104: 20.2 | T104: 666 | U104: VERY HIGH | Z104: 666 | AV104: 5.9 | AW104: 11 | AX104: 23 | AY104: 10-14 | BB104: 23
A105: 6.80117 | B105: 0 | C105: 18.1 | D105: 0 | E105: 0.713 | F105: 6.081 | G105: 84.4 | H105: 2.7175 | I105: 24 | J105: 666 | K105: 20.2 | L105: 396.9 | M105: 14.7 | N105: 20 | R105: 50 | S105: 20.2 | T105: 666 | U105: VERY HIGH | Z105: 666 | AV105: 6.3 | AW105: 11 | AX105: 24 | AY105: 10-14 | BB105: 24
A106: 4.81213 | B106: 0 | C106: 18.1 | D106: 0 | E106: 0.713 | F106: 6.701 | G106: 90 | H106: 2.5975 | I106: 24 | J106: 666 | K106: 20.2 | L106: 255.23 | M106: 16.42 | N106: 16.4 | R106: 7.2 | S106: 20.2 | T106: 666 | U106: VERY LOW | Y106: 666 | AV106: 5.9 | AW106: 14 | AX106: 23 | AY106: 10-14 | BB106: 23
A107: 3.69311 | B107: 0 | C107: 18.1 | D107: 0 | E107: 0.713 | F107: 6.376 | G107: 88.4 | H107: 2.5671 | I107: 24 | J107: 666 | K107: 20.2 | L107: 391.43 | M107: 14.65 | N107: 17.7 | R107: 7.4 | S107: 20.2 | T107: 666 | U107: VERY LOW | Y107: 666 | AV107: 6.6 | AW107: 10 | AX107: 29 | AY107: 10-14 | BB107: 29
A108: 6.65492 | B108: 0 | C108: 18.1 | D108: 0 | E108: 0.713 | F108: 6.317 | G108: 83 | H108: 2.7344 | I108: 24 | J108: 666 | K108: 20.2 | L108: 396.9 | M108: 13.99 | N108: 19.5 | R108: 23.2 | S108: 20.2 | T108: 666 | U108: AVERAGE | W108: 666 | AV108: 6.4 | AW108: 10 | AX108: 23 | AY108: 10-14 | BB108: 23
A109: 5.82115 | B109: 0 | C109: 18.1 | D109: 0 | E109: 0.713 | F109: 6.513 | G109: 89.9 | H109: 2.8016 | I109: 24 | J109: 666 | K109: 20.2 | L109: 393.82 | M109: 10.29 | N109: 20.2 | R109: 5 | S109: 20.2 | T109: 666 | U109: VERY LOW | Y109: 666 | AV109: 7 | AW109: 10 | AX109: 27 | AY109: 10-14 | BB109: 27
A110: 7.83932 | B110: 0 | C110: 18.1 | D110: 0 | E110: 0.655 | F110: 6.209 | G110: 65.4 | H110: 2.9634 | I110: 24 | J110: 666 | K110: 20.2 | L110: 396.9 | M110: 13.22 | N110: 21.4 | R110: 6.3 | S110: 20.2 | T110: 666 | U110: VERY LOW | Y110: 666 | AV110: 6.9 | AW110: 10 | AX110: 28 | AY110: 10-14 | BB110: 28
A111: 3.1636 | B111: 0 | C111: 18.1 | D111: 0 | E111: 0.655 | F111: 5.759 | G111: 48.2 | H111: 3.0665 | I111: 24 | J111: 666 | K111: 20.2 | L111: 334.4 | M111: 14.13 | N111: 19.9 | R111: 5.6 | S111: 20.2 | T111: 666 | U111: VERY LOW | Y111: 666 | AV111: 6 | AW111: 12 | AX111: 24 | AY111: 10-14 | BB111: 24
A112: 3.77498 | B112: 0 | C112: 18.1 | D112: 0 | E112: 0.655 | F112: 5.952 | G112: 84.7 | H112: 2.8715 | I112: 24 | J112: 666 | K112: 20.2 | L112: 22.01 | M112: 17.15 | N112: 19 | R112: 7.2 | S112: 20.2 | T112: 666 | U112: VERY LOW | Y112: 666 | AV112: 6.1 | AW112: 11 | AX112: 24 | AY112: 10-14 | BB112: 24
A113: 4.42228 | B113: 0 | C113: 18.1 | D113: 0 | E113: 0.584 | F113: 6.003 | G113: 94.5 | H113: 2.5403 | I113: 24 | J113: 666 | K113: 20.2 | L113: 331.29 | M113: 21.32 | N113: 19.1 | R113: 5 | S113: 20.2 | T113: 666 | U113: VERY LOW | Y113: 666 | AV113: 6.6 | AW113: 10 | AX113: 25 | AY113: 10-14 | BB113: 25
A114: 15.5757 | B114: 0 | C114: 18.1 | D114: 0 | E114: 0.58 | F114: 5.926 | G114: 71 | H114: 2.9084 | I114: 24 | J114: 666 | K114: 20.2 | L114: 368.74 | M114: 18.13 | N114: 19.1 | R114: 27.9 | S114: 20.2 | T114: 666 | U114: AVERAGE | W114: 666 | AV114: 6.9 | AW114: 11 | AX114: 22 | AY114: 10-14 | BB114: 22
A115: 13.0751 | B115: 0 | C115: 18.1 | D115: 0 | E115: 0.58 | F115: 5.713 | G115: 56.7 | H115: 2.8237 | I115: 24 | J115: 666 | K115: 20.2 | L115: 396.9 | M115: 14.76 | N115: 20.1 | R115: 27.5 | S115: 20.2 | T115: 666 | U115: AVERAGE | W115: 666 | AV115: 6.1 | AW115: 12 | AX115: 20 | AY115: 10-14 | BB115: 20
A116: 4.34879 | B116: 0 | C116: 18.1 | D116: 0 | E116: 0.58 | F116: 6.167 | G116: 84 | H116: 3.0334 | I116: 24 | J116: 666 | K116: 20.2 | L116: 396.9 | M116: 16.29 | N116: 19.9 | R116: 7 | S116: 20.2 | T116: 666 | U116: VERY LOW | Y116: 666 | AV116: 6.4 | AW116: 11 | AX116: 22 | AY116: 10-14 | BB116: 22
A117: 4.03841 | B117: 0 | C117: 18.1 | D117: 0 | E117: 0.532 | F117: 6.229 | G117: 90.7 | H117: 3.0993 | I117: 24 | J117: 666 | K117: 20.2 | L117: 395.33 | M117: 12.87 | N117: 19.6 | R117: 7.2 | S117: 20.2 | T117: 666 | U117: VERY LOW | Y117: 666 | AV117: 5.6 | AW117: 12 | AX117: 18 | AY117: 10-14 | BB117: 18
A118: 3.56868 | B118: 0 | C118: 18.1 | D118: 0 | E118: 0.58 | F118: 6.437 | G118: 75 | H118: 2.8965 | I118: 24 | J118: 666 | K118: 20.2 | L118: 393.37 | M118: 14.36 | N118: 23.2 | R118: 7.5 | S118: 20.2 | T118: 666 | U118: VERY LOW | Y118: 666 | AV118: 6.2 | AW118: 10 | AX118: 20 | AY118: 10-14 | BB118: 20
A119: 4.64689 | B119: 0 | C119: 18.1 | D119: 0 | E119: 0.614 | F119: 6.98 | G119: 67.6 | H119: 2.5329 | I119: 24 | J119: 666 | K119: 20.2 | L119: 374.68 | M119: 11.66 | N119: 29.8 | R119: 20.8 | S119: 20.2 | T119: 666 | U119: AVERAGE | W119: 666 | AV119: 6.4 | AW119: 10 | AX119: 24 | AY119: 10-14 | BB119: 24
A120: 8.05579 | B120: 0 | C120: 18.1 | D120: 0 | E120: 0.584 | F120: 5.427 | G120: 95.4 | H120: 2.4298 | I120: 24 | J120: 666 | K120: 20.2 | L120: 352.58 | M120: 18.14 | N120: 13.8 | R120: 20 | S120: 20.2 | T120: 666 | U120: AVERAGE | W120: 666 | AV120: 7.2 | AW120: 10 | AX120: 34 | AY120: 10-14 | BB120: 34
A121: 6.39312 | B121: 0 | C121: 18.1 | D121: 0 | E121: 0.584 | F121: 6.162 | G121: 97.4 | H121: 2.206 | I121: 24 | J121: 666 | K121: 20.2 | L121: 302.76 | M121: 24.1 | N121: 13.3 | R121: 20.2 | S121: 20.2 | T121: 666 | U121: AVERAGE | W121: 666 | AV121: 7.3 | AW121: 11 | AX121: 31 | AY121: 10-14 | BB121: 31
A122: 4.87141 | B122: 0 | C122: 18.1 | D122: 0 | E122: 0.614 | F122: 6.484 | G122: 93.6 | H122: 2.3053 | I122: 24 | J122: 666 | K122: 20.2 | L122: 396.21 | M122: 18.68 | N122: 16.7 | R122: 21.4 | S122: 20.2 | T122: 666 | U122: AVERAGE | W122: 666 | AV122: 5.6 | AW122: 10 | AX122: 23 | AY122: 10-14 | BB122: 23
A123: 15.0234 | B123: 0 | C123: 18.1 | D123: 0 | E123: 0.614 | F123: 5.304 | G123: 97.3 | H123: 2.1007 | I123: 24 | J123: 666 | K123: 20.2 | L123: 349.48 | M123: 24.91 | N123: 12 | R123: 20.1 | S123: 20.2 | T123: 666 | U123: AVERAGE | W123: 666 | AV123: 5.9 | AW123: 14 | AX123: 21 | AY123: 10-14 | BB123: 21
A124: 10.233 | B124: 0 | C124: 18.1 | D124: 0 | E124: 0.614 | F124: 6.185 | G124: 96.7 | H124: 2.1705 | I124: 24 | J124: 666 | K124: 20.2 | L124: 379.7 | M124: 18.03 | N124: 14.6 | R124: 23.2 | S124: 20.2 | T124: 666 | U124: AVERAGE | W124: 666 | AV124: 5.9 | AW124: 13 | AX124: 21 | AY124: 10-14 | BB124: 21
A125: 14.3337 | B125: 0 | C125: 18.1 | D125: 0 | E125: 0.614 | F125: 6.229 | G125: 88 | H125: 1.9512 | I125: 24 | J125: 666 | K125: 20.2 | L125: 383.32 | M125: 13.11 | N125: 21.4 | R125: 29.8 | S125: 20.2 | T125: 666 | U125: AVERAGE | W125: 666 | AV125: 6.2 | AW125: 13 | AX125: 20 | AY125: 10-14 | BB125: 20
A126: 5.82401 | B126: 0 | C126: 18.1 | D126: 0 | E126: 0.532 | F126: 6.242 | G126: 64.7 | H126: 3.4242 | I126: 24 | J126: 666 | K126: 20.2 | L126: 396.9 | M126: 10.74 | N126: 23 | R126: 21.4 | S126: 20.2 | T126: 666 | U126: AVERAGE | W126: 666 | AV126: 6.6 | AW126: 10 | AX126: 25 | AY126: 10-14 | BB126: 25
A127: 5.70818 | B127: 0 | C127: 18.1 | D127: 0 | E127: 0.532 | F127: 6.75 | G127: 74.9 | H127: 3.3317 | I127: 24 | J127: 666 | K127: 20.2 | L127: 393.07 | M127: 7.74 | N127: 23.7 | R127: 23 | S127: 20.2 | T127: 666 | U127: AVERAGE | W127: 666 | AV127: 6 | AW127: 10 | AX127: 22 | AY127: 10-14 | BB127: 22
A128: 5.73116 | B128: 0 | C128: 18.1 | D128: 0 | E128: 0.532 | F128: 7.061 | G128: 77 | H128: 3.4106 | I128: 24 | J128: 666 | K128: 20.2 | L128: 395.28 | M128: 7.01 | N128: 25 | R128: 23.7 | S128: 20.2 | T128: 666 | U128: AVERAGE | W128: 666 | AV128: 6.6 | AW128: 10 | AX128: 22 | AY128: 10-14 | BB128: 22
A129: 2.81838 | B129: 0 | C129: 18.1 | D129: 0 | E129: 0.532 | F129: 5.762 | G129: 40.3 | H129: 4.0983 | I129: 24 | J129: 666 | K129: 20.2 | L129: 392.92 | M129: 10.42 | N129: 21.8 | R129: 25 | S129: 20.2 | T129: 666 | U129: AVERAGE | W129: 666 | AV129: 6 | AW129: 10 | AX129: 20 | AY129: 10-14 | BB129: 20
A130: 2.37857 | B130: 0 | C130: 18.1 | D130: 0 | E130: 0.583 | F130: 5.871 | G130: 41.9 | H130: 3.724 | I130: 24 | J130: 666 | K130: 20.2 | L130: 370.73 | M130: 13.34 | N130: 20.6 | R130: 21.8 | S130: 20.2 | T130: 666 | U130: AVERAGE | W130: 666 | AV130: 5 | AW130: 13 | AX130: 16 | AY130: 10-14 | BB130: 16
... A133: 4.83567 | B133: 0 | C133: 18.1 | D133: 0 | E133: 0.583 | F133: 5.905 | G133: 53.2 | H133: 3.1523 | I133: 24 | J133: 666 | K133: 20.2 | L133: 388.22 | M133: 11.45 | N133: 20.6 | R133: 20.6 | S133: 20.2 | T133: 666 | U133: AVERAGE | W133: 666 | AV133: 6.4 | AW133: 10 | AX133: 23 | AY133: 10-14 | BB133: 23
A134: 0.02731 | B134: 0 | C134: 7.07 | D134: 0 | E134: 0.469 | F134: 6.421 | G134: 78.9 | H134: 4.9671 | I134: 2 | J134: 242 | K134: 17.8 | L134: 396.9 | M134: 9.14 | N134: 21.6 | R134: 36.2 | S134: 18.7 | T134: 222 | U134: HIGH | X134: 222 | AV134: 6.1 | AW134: 13 | AX134: 21 | AY134: 10-14 | BB134: 21
A135: 0.02729 | B135: 0 | C135: 7.07 | D135: 0 | E135: 0.469 | F135: 7.185 | G135: 61.1 | H135: 4.9671 | I135: 2 | J135: 242 | K135: 17.8 | L135: 392.83 | M135: 4.03 | N135: 34.7 | R135: 35.4 | S135: 17.9 | T135: 226 | U135: HIGH | X135: 226 | AV135: 5.7 | AW135: 12 | AX135: 18 | AY135: 10-14 | BB135: 18
A136: 0.03237 | B136: 0 | C136: 2.18 | D136: 0 | E136: 0.458 | F136: 6.998 | G136: 45.8 | H136: 6.0622 | I136: 3 | J136: 222 | K136: 18.7 | L136: 394.63 | M136: 2.94 | N136: 33.4 | R136: 38.7 | S136: 18 | T136: 276 | U136: HIGH | X136: 276 | AV136: 6.1 | AW136: 13 | AX136: 22 | AY136: 10-14 | BB136: 22
A137: 0.06905 | B137: 0 | C137: 2.18 | D137: 0 | E137: 0.458 | F137: 7.147 | G137: 54.2 | H137: 6.0622 | I137: 3 | J137: 222 | K137: 18.7 | L137: 396.9 | M137: 5.33 | N137: 36.2 | R137: 43.8 | S137: 18 | T137: 276 | U137: HIGH | X137: 276 | AV137: 5.9 | AW137: 10 | AX137: 19 | AY137: 10-14 | BB137: 19
A138: 0.02985 | B138: 0 | C138: 2.18 | D138: 0 | E138: 0.458 | F138: 6.43 | G138: 58.7 | H138: 6.0622 | I138: 3 | J138: 222 | K138: 18.7 | L138: 394.12 | M138: 5.21 | N138: 28.7 | R138: 41.3 | S138: 14.7 | T138: 403 | U138: HIGH | X138: 403 | AV138: 5.7 | AW138: 12 | AX138: 17 | AY138: 10-14 | BB138: 17
A139: 0.62976 | B139: 0 | C139: 8.14 | D139: 0 | E139: 0.538 | F139: 5.949 | G139: 61.8 | H139: 4.7075 | I139: 4 | J139: 307 | K139: 21 | L139: 396.9 | M139: 8.26 | N139: 20.4 | R139: 50 | S139: 14.7 | T139: 403 | U139: VERY HIGH | Z139: 403 | AV139: 5.9 | AW139: 10 | AX139: 20 | AY139: 10-14 | BB139: 20
A140: 0.63796 | B140: 0 | C140: 8.14 | D140: 0 | E140: 0.538 | F140: 6.096 | G140: 84.5 | H140: 4.4619 | I140: 4 | J140: 307 | K140: 21 | L140: 380.02 | M140: 10.26 | N140: 18.2 | R140: 50 | S140: 14.7 | T140: 403 | U140: VERY HIGH | Z140: 403 | AV140: 5.9 | AW140: 11 | AX140: 18 | AY140: 10-14 | BB140: 18
A141: 0.62739 | B141: 0 | C141: 8.14 | D141: 0 | E141: 0.538 | F141: 5.834 | G141: 56.5 | H141: 4.4986 | I141: 4 | J141: 307 | K141: 21 | L141: 395.62 | M141: 8.47 | N141: 19.9 | R141: 50 | S141: 14.7 | T141: 403 | U141: VERY HIGH | Z141: 403 | AV141: 6 | AW141: 10 | AX141: 19 | AY141: 10-14 | BB141: 19
A142: 1.05393 | B142: 0 | C142: 8.14 | D142: 0 | E142: 0.538 | F142: 5.935 | G142: 29.3 | H142: 4.4986 | I142: 4 | J142: 307 | K142: 21 | L142: 386.85 | M142: 6.58 | N142: 23.1 | R142: 50 | S142: 14.7 | T142: 403 | U142: VERY HIGH | Z142: 403 | AV142: 6 | AW142: 11 | AX142: 18 | AY142: 10-14 | BB142: 18
A143: 0.7842 | B143: 0 | C143: 8.14 | D143: 0 | E143: 0.538 | F143: 5.99 | G143: 81.7 | H143: 4.2579 | I143: 4 | J143: 307 | K143: 21 | L143: 386.75 | M143: 14.67 | N143: 17.5 | R143: 37.2 | S143: 17.8 | T143: 193 | U143: HIGH | X143: 193 | AV143: 5.9 | AW143: 13 | AX143: 17 | AY143: 10-14 | BB143: 17
A144: 0.80271 | B144: 0 | C144: 8.14 | D144: 0 | E144: 0.538 | F144: 5.456 | G144: 36.6 | H144: 3.7965 | I144: 4 | J144: 307 | K144: 21 | L144: 288.99 | M144: 11.69 | N144: 20.2 | R144: 39.8 | S144: 17.8 | T144: 193 | U144: HIGH | X144: 193 | AV144: 6.4 | AW144: 13 | AX144: 22 | AY144: 10-14 | BB144: 22
A145: 0.7258 | B145: 0 | C145: 8.14 | D145: 0 | E145: 0.538 | F145: 5.727 | G145: 69.5 | H145: 3.7965 | I145: 4 | J145: 307 | K145: 21 | L145: 390.95 | M145: 11.28 | N145: 18.2 | R145: 36.2 | S145: 17.8 | T145: 193 | U145: HIGH | X145: 193 | AV145: 6.1 | AW145: 11 | AX145: 23 | AY145: 10-14 | BB145: 23
A146: 1.25179 | B146: 0 | C146: 8.14 | D146: 0 | E146: 0.538 | F146: 5.57 | G146: 98.1 | H146: 3.7979 | I146: 4 | J146: 307 | K146: 21 | L146: 376.57 | M146: 21.02 | N146: 13.6 | R146: 37.9 | S146: 17.8 | T146: 193 | U146: HIGH | X146: 193 | AV146: 6.1 | AW146: 13 | AX146: 23 | AY146: 10-14 | BB146: 23
A147: 0.85204 | B147: 0 | C147: 8.14 | D147: 0 | E147: 0.538 | F147: 5.965 | G147: 89.2 | H147: 4.0123 | I147: 4 | J147: 307 | K147: 21 | L147: 392.53 | M147: 13.83 | N147: 19.6 | R147: 50 | S147: 17.8 | T147: 193 | U147: VERY HIGH | Z147: 193 | AV147: 6.3 | AW147: 14 | AX147: 20 | AY147: 10-14 | BB147: 20
A148: 1.23247 | B148: 0 | C148: 8.14 | D148: 0 | E148: 0.538 | F148: 6.142 | G148: 91.7 | H148: 3.9769 | I148: 4 | J148: 307 | K148: 21 | L148: 396.9 | M148: 18.72 | N148: 15.2 | R148: 37 | S148: 15.2 | T148: 398 | U148: HIGH | X148: 398 | AV148: 5.4 | AW148: 10 | AX148: 21 | AY148: 10-14 | BB148: 21
A149: 0.98843 | B149: 0 | C149: 8.14 | D149: 0 | E149: 0.538 | F149: 5.813 | G149: 100 | H149: 4.0952 | I149: 4 | J149: 307 | K149: 21 | L149: 394.54 | M149: 19.88 | N149: 14.5 | R149: 36.4 | S149: 15.2 | T149: 398 | U149: HIGH | X149: 398 | AV149: 5 | AW149: 14 | AX149: 22 | AY149: 10-14 | BB149: 22
A150: 0.75026 | B150: 0 | C150: 8.14 | D150: 0 | E150: 0.538 | F150: 5.924 | G150: 94.1 | H150: 4.3996 | I150: 4 | J150: 307 | K150: 21 | L150: 394.33 | M150: 16.3 | N150: 15.6 | R150: 50 | S150: 14.4 | T150: 255 | U150: VERY HIGH | Z150: 255 | AV150: 3.9 | AW150: 13 | AX150: 23 | AY150: 10-14 | BB150: 23
A151: 0.84054 | B151: 0 | C151: 8.14 | D151: 0 | E151: 0.538 | F151: 5.599 | G151: 85.7 | H151: 4.4546 | I151: 4 | J151: 307 | K151: 21 | L151: 303.42 | M151: 16.51 | N151: 13.9 | R151: 42.3 | S151: 14.7 | T151: 348 | U151: HIGH | X151: 348 | AV151: 6.2 | AW151: 10 | AX151: 50 | AY151: 10-14 | BB151: 50
A152: 0.67191 | B152: 0 | C152: 8.14 | D152: 0 | E152: 0.538 | F152: 5.813 | G152: 90.3 | H152: 4.682 | I152: 4 | J152: 307 | K152: 21 | L152: 376.88 | M152: 14.81 | N152: 16.6 | R152: 48.5 | S152: 14.7 | T152: 224 | U152: HIGH | X152: 224 | AV152: 7.3 | AW152: 13 | AX152: 15 | AY152: 10-14 | BB152: 15
A153: 0.95577 | B153: 0 | C153: 8.14 | D153: 0 | E153: 0.538 | F153: 6.047 | G153: 88.8 | H153: 4.4534 | I153: 4 | J153: 307 | K153: 21 | L153: 306.38 | M153: 17.28 | N153: 14.8 | R153: 50 | S153: 14.7 | T153: 224 | U153: VERY HIGH | Z153: 224 | AV153: 5.6 | AW153: 12 | AX153: 28 | AY153: 10-14 | BB153: 28
A154: 0.77299 | B154: 0 | C154: 8.14 | D154: 0 | E154: 0.538 | F154: 6.495 | G154: 94.4 | H154: 4.4547 | I154: 4 | J154: 307 | K154: 21 | L154: 387.94 | M154: 12.8 | N154: 18.4 | R154: 44.8 | S154: 17.4 | T154: 307 | U154: HIGH | X154: 307 | AV154: 5.8 | AW154: 10 | AX154: 15 | AY154: 10-14 | BB154: 15
A155: 1.00245 | B155: 0 | C155: 8.14 | D155: 0 | E155: 0.538 | F155: 6.674 | G155: 87.3 | H155: 4.239 | I155: 4 | J155: 307 | K155: 21 | L155: 380.23 | M155: 11.98 | N155: 21 | R155: 50 | S155: 17.4 | T155: 307 | U155: VERY HIGH | Z155: 307 | AV155: 5.6 | AW155: 14 | AX155: 21 | AY155: 10-14 | BB155: 21
A156: 1.13081 | B156: 0 | C156: 8.14 | D156: 0 | E156: 0.538 | F156: 5.713 | G156: 94.1 | H156: 4.233 | I156: 4 | J156: 307 | K156: 21 | L156: 360.17 | M156: 22.6 | N156: 12.7 | R156: 37.6 | S156: 17.4 | T156: 307 | U156: HIGH | X156: 307 | AV156: 6.4 | AW156: 12 | AX156: 16 | AY156: 10-14 | BB156: 16
A157: 1.35472 | B157: 0 | C157: 8.14 | D157: 0 | E157: 0.538 | F157: 6.072 | G157: 100 | H157: 4.175 | I157: 4 | J157: 307 | K157: 21 | L157: 376.73 | M157: 13.04 | N157: 14.5 | R157: 46.7 | S157: 17.4 | T157: 307 | U157: HIGH | X157: 307 | AV157: 6.3 | AW157: 14 | AX157: 20 | AY157: 10-14 | BB157: 20
A158: 1.38799 | B158: 0 | C158: 8.14 | D158: 0 | E158: 0.538 | F158: 5.95 | G158: 82 | H158: 3.99 | I158: 4 | J158: 307 | K158: 21 | L158: 232.6 | M158: 27.71 | N158: 13.2 | R158: 41.7 | S158: 17.4 | T158: 307 | U158: HIGH | X158: 307 | AV158: 6.5 | AW158: 10 | AX158: 20 | AY158: 10-14 | BB158: 20
A159: 1.15172 | B159: 0 | C159: 8.14 | D159: 0 | E159: 0.538 | F159: 5.701 | G159: 95 | H159: 3.7872 | I159: 4 | J159: 307 | K159: 21 | L159: 358.77 | M159: 18.35 | N159: 13.1 | R159: 48.3 | S159: 17.4 | T159: 307 | U159: HIGH | X159: 307 | AV159: 6.2 | AW159: 13 | AX159: 21 | AY159: 10-14 | BB159: 21
A160: 1.61282 | B160: 0 | C160: 8.14 | D160: 0 | E160: 0.538 | F160: 6.096 | G160: 96.9 | H160: 3.7598 | I160: 4 | J160: 307 | K160: 21 | L160: 248.31 | M160: 20.34 | N160: 13.5 | R160: 42.8 | S160: 19.1 | T160: 330 | U160: HIGH | X160: 330 | AV160: 5.8 | AW160: 14 | AX160: 20 | AY160: 10-14 | BB160: 20
A161: 0.06417 | B161: 0 | C161: 5.96 | D161: 0 | E161: 0.499 | F161: 5.933 | G161: 68.2 | H161: 3.3603 | I161: 5 | J161: 279 | K161: 19.2 | L161: 396.9 | M161: 9.68 | N161: 18.9 | R161: 44 | S161: 15.9 | T161: 244 | U161: HIGH | X161: 244 | AV161: 6.2 | AW161: 13 | AX161: 20 | AY161: 10-14 | BB161: 20
A162: 0.09744 | B162: 0 | C162: 5.96 | D162: 0 | E162: 0.499 | F162: 5.841 | G162: 61.4 | H162: 3.3779 | I162: 5 | J162: 279 | K162: 19.2 | L162: 377.56 | M162: 11.41 | N162: 20 | R162: 50 | S162: 13 | T162: 264 | U162: VERY HIGH | Z162: 264 | AV162: 6.4 | AW162: 14 | AX162: 23 | AY162: 10-14 | BB162: 23
...

Sheet dashboard
L18: s

Sheet Q5
A1: SUMMARY OUTPUT Q5
A3: Regression Statistics
A4: Multiple R | B4: 0.84344548
A5: R Square | B5: 0.71140028
A6: Adjusted R Square | B6: 0.70793014
A7: Standard Error | B7: 4.9704358
A8: Observations | B8: 506
A10: ANOVA
B11: df | C11: SS | D11: MS | E11: F | F11: Significance F
A12: Regression | B12: 6 | C12: 30388.385 | D12: 5064.7308 | E12: 205.0064 | F12: 3.530034e-131
A13: Residual | B13: 499 | C13: 12327.911 | D13: 24.705232
A14: Total | B14: 505 | C14: 42716.295
B16: Coefficients | C16: Standard Error | D16: t Stat | E16: P-value | F16: Lower 95% | G16: Upper 95% | H16: Lower 95,0% | I16: Upper 95,0%
A17: Intercept | B17: 35.54553 | C17: 4.6633484 | D17: 7.6223193 | E17: 1.2653526e-13 | F17: 26.383313 | G17: 44.707748 | H17: 26.383313 | I17: 44.707748
A18: CRIM | B18: -0.072023627 | C18: 0.030101886 | D18: -2.3926616 | E18: 0.01709549 | F18: -0.13116569 | G18: -0.012881568 | H18: -0.13116569 | I18: -0.012881568
A19: RM | B19: 4.2519613 | C19: 0.41176523 | D19: 10.326179 | E19: 8.7341515e-23 | F19: 3.4429541 | G19: 5.0609685 | H19: 3.4429541 | I19: 5.0609685
A20: PTRATIO | B20: -1.0008035 | C20: 0.11453847 | D20: -8.7377061 | E20: 3.624427e-17 | F20: -1.2258406 | G20: -0.77576637 | H20: -1.2258406 | I20: -0.77576637
A21: LSTAT | B21: -0.55353166 | C21: 0.049082898 | D21: -11.277485 | E21: 1.9716057e-26 | F21: -0.64996628 | G21: -0.45709705 | H21: -0.64996628 | I21: -0.45709705
A22: NOX | B22: -17.006654 | C22: 3.2719171 | D22: -5.1977644 | E22: 2.9464031e-07 | F22: -23.435086 | G22: -10.578223 | H22: -23.435086 | I22: -10.578223
A23: DIS | B23: -1.2033453 | C23: 0.16781568 | D23: -7.1706369 | E23: 2.7082481e-12 | F23: -1.5330577 | G23: -0.87363293 | H23: -1.5330577 | I23: -0.87363293
Q509: Column1
